[
  {
    "id": "168d99d6-214d-4727-bda4-ae5a2b219be1",
    "data": [
      {
        "text": "I have to cancel my dentist appointment",
        "userDefined": false
      }
    ],
    "isTemplate": false,
    "count": 0,
    "lang": "en",
    "updated": 0
  },
  {
    "id": "01484333-b82f-4803-adb1-614bceb60856",
    "data": [
      {
        "text": "Cancel dentist appointment",
        "userDefined": false
      }
    ],
    "isTemplate": false,
    "count": 0,
    "lang": "en",
    "updated": 0
  },
  {
    "id": "e7489d63-8f7e-4dd6-93d7-b0ca1c1053f5",
    "data": [
      {
        "text": "Cancel",
        "userDefined": false
      }
    ],
    "isTemplate": false,
    "count": 0,
    "lang": "en",
    "updated": 0
  },
  {
    "id": "fe1f1e9a-0757-4c57-9f56-65b88365bdd4",
    "data": [
      {
        "text": "I would like to cancel my appointment",
        "userDefined": false
      }
    ],
    "isTemplate": false,
    "count": 0,
    "lang": "en",
    "updated": 0
  },
  {
    "id": "66a523a0-b60b-449b-a23a-7cd6f37409d1",
    "data": [
      {
        "text": "Cancel appointment",
        "userDefined": false
      }
    ],
    "isTemplate": false,
    "count": 0,
    "lang": "en",
    "updated": 0
  },
  {
    "id": "30d030a8-5e7f-4c12-a742-83177945829b",
    "data": [
      {
        "text": "I need to cancel my appointment",
        "userDefined": false
      }
    ],
    "isTemplate": false,
    "count": 0,
    "lang": "en",
    "updated": 0
  }
]