[
  {
    "id": "7e763243-4582-4a9a-96ce-8290b6e60297",
    "data": [
      {
        "text": "999-999-9999",
        "meta": "@sys.phone-number",
        "alias": "Phone",
        "userDefined": true
      }
    ],
    "isTemplate": false,
    "count": 0,
    "lang": "en",
    "updated": 0
  },
  {
    "id": "395cf20b-6990-4280-876e-e29c8db7aaf3",
    "data": [
      {
        "text": "Saquon Barkley",
        "meta": "@sys.given-name",
        "alias": "Name",
        "userDefined": true
      }
    ],
    "isTemplate": false,
    "count": 0,
    "lang": "en",
    "updated": 0
  },
  {
    "id": "d4d45705-c2a5-457f-8bd0-51166973e49c",
    "data": [
      {
        "text": "John",
        "meta": "@sys.given-name",
        "alias": "Name",
        "userDefined": true
      },
      {
        "text": " ",
        "userDefined": false
      },
      {
        "text": "555-555-5555",
        "meta": "@sys.phone-number",
        "alias": "Phone",
        "userDefined": false
      }
    ],
    "isTemplate": false,
    "count": 0,
    "lang": "en",
    "updated": 0
  }
]