[
  {
    "id": "c14ef4ab-48d6-48fb-8bb0-3adf3b293edc",
    "data": [
      {
        "text": "I would like to make a dentist appointment to fix my chipped tooth",
        "userDefined": false
      }
    ],
    "isTemplate": false,
    "count": 0,
    "lang": "en",
    "updated": 0
  },
  {
    "id": "1e104b36-6f22-4366-af89-fdbaa30de1a0",
    "data": [
      {
        "text": "My tooth is chipped",
        "userDefined": false
      }
    ],
    "isTemplate": false,
    "count": 0,
    "lang": "en",
    "updated": 0
  },
  {
    "id": "1df81461-8ac9-4598-84c6-e499a6206436",
    "data": [
      {
        "text": "My teeth got knocked out",
        "userDefined": false
      }
    ],
    "isTemplate": false,
    "count": 0,
    "lang": "en",
    "updated": 0
  },
  {
    "id": "fc766ad4-92e7-46fd-9716-3b8f5aec0791",
    "data": [
      {
        "text": "I chipped my tooth",
        "userDefined": false
      }
    ],
    "isTemplate": false,
    "count": 0,
    "lang": "en",
    "updated": 0
  },
  {
    "id": "638f23ea-b657-4ae7-94ae-3a0666770890",
    "data": [
      {
        "text": "I lost my tooth",
        "userDefined": false
      }
    ],
    "isTemplate": false,
    "count": 0,
    "lang": "en",
    "updated": 0
  },
  {
    "id": "f9f93783-a98d-4369-bf76-112dd3e38652",
    "data": [
      {
        "text": "I broke my tooth",
        "userDefined": false
      }
    ],
    "isTemplate": false,
    "count": 0,
    "lang": "en",
    "updated": 0
  }
]