[
  {
    "id": "5de53914-d705-4e8e-9e6e-e1aa7539d32b",
    "data": [
      {
        "text": "I forgot about my appointment",
        "userDefined": false
      }
    ],
    "isTemplate": false,
    "count": 0,
    "lang": "en",
    "updated": 0
  },
  {
    "id": "c4b8dfe0-97f2-43fa-92d1-362f976b605a",
    "data": [
      {
        "text": "I missed my appointment",
        "userDefined": false
      }
    ],
    "isTemplate": false,
    "count": 0,
    "lang": "en",
    "updated": 0
  },
  {
    "id": "ec6dd7c0-ff38-48c4-9952-d78110b26093",
    "data": [
      {
        "text": "Reschedule",
        "userDefined": false
      }
    ],
    "isTemplate": false,
    "count": 0,
    "lang": "en",
    "updated": 0
  },
  {
    "id": "76f93046-1117-4ccf-8bf2-2889dd413a59",
    "data": [
      {
        "text": "I won\u0027t be able to make my appointment",
        "userDefined": false
      }
    ],
    "isTemplate": false,
    "count": 0,
    "lang": "en",
    "updated": 0
  },
  {
    "id": "6ed48553-7fe3-45da-8ebf-d23a6cdb6ffa",
    "data": [
      {
        "text": "Reschedule appointment",
        "userDefined": false
      }
    ],
    "isTemplate": false,
    "count": 0,
    "lang": "en",
    "updated": 0
  },
  {
    "id": "a5bb00ed-9d67-4753-bcc3-c5e5f504082f",
    "data": [
      {
        "text": "I need to reschedule",
        "userDefined": false
      }
    ],
    "isTemplate": false,
    "count": 0,
    "lang": "en",
    "updated": 0
  },
  {
    "id": "d4065a98-901f-4bb4-bec8-f848afe8843a",
    "data": [
      {
        "text": "I need to reschedule my appointment",
        "userDefined": false
      }
    ],
    "isTemplate": false,
    "count": 0,
    "lang": "en",
    "updated": 0
  },
  {
    "id": "d0a29f5f-8808-4572-b65b-c44e7ecb67dd",
    "data": [
      {
        "text": "I would like to reschedule my appointment",
        "userDefined": false
      }
    ],
    "isTemplate": false,
    "count": 0,
    "lang": "en",
    "updated": 0
  }
]