[
  {
    "id": "0fe1876c-3461-4235-bf6f-3f8e6e267279",
    "data": [
      {
        "text": "Cavity filling",
        "meta": "@AppointmentType",
        "alias": "Type",
        "userDefined": true
      },
      {
        "text": " on ",
        "userDefined": false
      },
      {
        "text": "Wednesday",
        "meta": "@AppointmentDate",
        "alias": "Date",
        "userDefined": false
      }
    ],
    "isTemplate": false,
    "count": 0,
    "lang": "en",
    "updated": 0
  },
  {
    "id": "583df830-77b8-491b-b4bd-69aba72c5985",
    "data": [
      {
        "text": "I would like to schedule a ",
        "userDefined": false
      },
      {
        "text": "cleaning",
        "meta": "@AppointmentType",
        "alias": "Type",
        "userDefined": true
      },
      {
        "text": " on ",
        "userDefined": false
      },
      {
        "text": "Friday",
        "meta": "@AppointmentDate",
        "alias": "Date",
        "userDefined": false
      },
      {
        "text": " at ",
        "userDefined": false
      },
      {
        "text": "2PM",
        "meta": "@AppointmentTime",
        "alias": "Time",
        "userDefined": false
      }
    ],
    "isTemplate": false,
    "count": 0,
    "lang": "en",
    "updated": 0
  },
  {
    "id": "6c11e53f-36e4-47ee-9ac0-60a1b4264d18",
    "data": [
      {
        "text": "Can I schedule a dentist appointment on ",
        "userDefined": false
      },
      {
        "text": "Friday",
        "meta": "@AppointmentDate",
        "alias": "Date",
        "userDefined": true
      },
      {
        "text": " at ",
        "userDefined": false
      },
      {
        "text": "10AM",
        "meta": "@AppointmentTime",
        "alias": "Time",
        "userDefined": true
      },
      {
        "text": "?",
        "userDefined": false
      }
    ],
    "isTemplate": false,
    "count": 0,
    "lang": "en",
    "updated": 0
  },
  {
    "id": "50b05a47-1c05-4b74-b121-8fc83729b336",
    "data": [
      {
        "text": "I would like to make a ",
        "userDefined": false
      },
      {
        "text": "2PM",
        "meta": "@AppointmentTime",
        "alias": "Time",
        "userDefined": true
      },
      {
        "text": " appointment on ",
        "userDefined": false
      },
      {
        "text": "Monday",
        "meta": "@AppointmentDate",
        "alias": "Date",
        "userDefined": true
      }
    ],
    "isTemplate": false,
    "count": 0,
    "lang": "en",
    "updated": 0
  },
  {
    "id": "342a9d92-7fef-4b7c-8293-cd21b83bd15f",
    "data": [
      {
        "text": "dentist appointment",
        "userDefined": false
      }
    ],
    "isTemplate": false,
    "count": 0,
    "lang": "en",
    "updated": 0
  },
  {
    "id": "6acee18a-89c9-4ed8-acdb-3aa8790288ed",
    "data": [
      {
        "text": "I want appointment",
        "userDefined": false
      }
    ],
    "isTemplate": false,
    "count": 0,
    "lang": "en",
    "updated": 0
  },
  {
    "id": "ece0e781-3251-4346-a8d0-f903ac65b74a",
    "data": [
      {
        "text": "Make appointment",
        "userDefined": false
      }
    ],
    "isTemplate": false,
    "count": 0,
    "lang": "en",
    "updated": 0
  },
  {
    "id": "03909fd9-1545-483d-830a-299739507080",
    "data": [
      {
        "text": "Can I make a dentist appointment?",
        "userDefined": false
      }
    ],
    "isTemplate": false,
    "count": 0,
    "lang": "en",
    "updated": 0
  },
  {
    "id": "8828b59a-fee0-4257-a64a-7c3bcce31f08",
    "data": [
      {
        "text": "I want to schedule a dentist appointment",
        "userDefined": false
      }
    ],
    "isTemplate": false,
    "count": 0,
    "lang": "en",
    "updated": 0
  }
]