[
  {
    "id": "325fc71a-b3e8-4d18-99fe-0d398a18abe9",
    "data": [
      {
        "text": "I would like to make a dentist appointment because I have tooth pain",
        "userDefined": false
      }
    ],
    "isTemplate": false,
    "count": 0,
    "lang": "en",
    "updated": 0
  },
  {
    "id": "44d07248-5eb3-4ca6-89d4-dba4d87c93d0",
    "data": [
      {
        "text": "Help",
        "userDefined": false
      }
    ],
    "isTemplate": false,
    "count": 0,
    "lang": "en",
    "updated": 0
  },
  {
    "id": "72d68b82-5702-449f-83c1-fe229d2b7929",
    "data": [
      {
        "text": "Hurts",
        "userDefined": false
      }
    ],
    "isTemplate": false,
    "count": 0,
    "lang": "en",
    "updated": 0
  },
  {
    "id": "b1916635-3b1f-447f-8b23-16b824f8827f",
    "data": [
      {
        "text": "Pain",
        "userDefined": false
      }
    ],
    "isTemplate": false,
    "count": 0,
    "lang": "en",
    "updated": 0
  },
  {
    "id": "7b73c876-fbfb-42fe-9e9f-afaf2515c590",
    "data": [
      {
        "text": "I think something is wrong with my tooth",
        "userDefined": false
      }
    ],
    "isTemplate": false,
    "count": 0,
    "lang": "en",
    "updated": 0
  },
  {
    "id": "b4455256-3301-4b37-a744-3b933eebc8da",
    "data": [
      {
        "text": "I am in pain",
        "userDefined": false
      }
    ],
    "isTemplate": false,
    "count": 0,
    "lang": "en",
    "updated": 0
  },
  {
    "id": "c914a2aa-73ce-4e55-aa62-ac490dda685b",
    "data": [
      {
        "text": "My tooth hurts",
        "userDefined": false
      }
    ],
    "isTemplate": false,
    "count": 0,
    "lang": "en",
    "updated": 0
  }
]